Song,Artist
Drift,Forty Foot Echo
24'S,T.I.
Hands Down,Dashboard Confessional
Farewell Transmission,Songs: Ohia
Never Enough,Bosshouse
Your Boyfriend Sucks (Live),The Ataris
Money Bags,Runaway Cab
Aftertaste,Ben Lee
Are You Gonna Be My Girl,Jet
Lapdance,"N.E.R.D., Vita, Lee Harvey"
What It Is to Burn (New Version),Finch
What It Is to Burn (Demo Version),Finch
Rest In Pieces,Saliva
Ez,Pete Yorn
Overdue,The Get Up Kids
Switchback,Celldweller
Hard to Find,The American Analog Set
Beside Me,Forty Foot Echo
To Hell with Good Intentions,Mclusky
She's got it so Phat,Bosshouse
Echo,Vertical Horizon
Further,Long-View
Belief (Stripped Version),Gavin DeGraw
You Own Me,Sense Field
Glad to Be Alive,Low Flying Owls
Apologies,Bosshouse
How Good It Can Be,The 88
Shoulder,Cactus Groove
hang,mojo monkeys
Silence Is Easy,Starsailor
Multiply,Forty Foot Echo
Stones,Pete Francis
You Dance,Eastmountainsouth
Freetime,Kenna
Hopes and Dreams,Buva
Taken For a Ride,AM Radio
Watcha Gonna Do,Sprung Monkey
Shake it Down,Bosshouse
Empty Apartment,Yellowcard
Return to Me,Matthew Ryan
Breathe,Ghetto Cowgirl
Remedy,Hot Water Music
Hard to Find,The American Analog Set
I Was on a Mountain,Hot Water Music
Want to Be Bad,Tegan and Sara
I Don't Want to Be (Live),Gavin DeGraw
Glad to Be Alive,Low Flying Owls
Many Rivers To Cross,Jimmy Cliff
Cool Kids,Screeching Weasel
Holiday,The Get Up Kids
Impossible,Lucky Town
Seven X Eight,Anjali
Blueside,Rooney
Hypocrite,Jibe
Time Running,Tegan and Sara
Headlights,Dispatch
Play it Straight,Bosshouse
Kennedy,Kill Hannah
She's got it so Phat,Bosshouse
Pacific Ocean Blues,Gigolo Aunts
I'll Always Love You,Michael Campion
She Will Be Loved,Maroon 5
Beautiful One,Jonny Lang
Say Yes,Bryan Greenberg
Calling All Angels,Train
Read All About It,Kyf Brewer
Street Survivor,The Flaming Sideburns
Sparks,The Man
Time,Runaway Cab
Bad Circulation,Witchy Poo
No Exit,Runaway Cab
Filter Factory,Dee
Did it for the Drugs,Supafuzz
Breaking Away,Bosshouse
Dare You to Move,Switchfoot
Untold,Pete Francis
Splattered All Over the Highway,Kyf Brewer
Hanging On for Hope,The New Amsterdams
Push it Up,Cham Pain
Shabby Girl,The Electric Farm
Rain King,Counting Crows
Yesterdays,Pennywise
Fallen,Sarah McLachlan
Re-Offender,Travis
Re-Offender,Travis
Everything,Fefe Dobson
Be Different,Lori Denae
Downed,Cheap Trick
Girlfriend,The Band
Starting All Over,Jon Elliot
Bullet with Your Name on It,Lockgroove
Mindleak,Bryan Greenberg
Blue and White,Beth Waters
Lonely World,Bryan Greenberg
I Don't Wanna Be,Gavin DeGraw
Harder To Breathe,Maroon 5
Simple Again,Buva
I Met a Girl,Wheat
Everywhere She Goes,Across The Sky
She's so Pretty,Kyf Brewer
Ship of Fools,"World Party, Anthony Thistlethwaite"
Avalanche,Ryan Adams
The Shadowlands,Ryan Adams
Overdrive,Katy Rose
Fools at the Table,Matt Beckler
Maybe Tomorrow,Stereophonics
Escape,Smith Point
The One You Want,The Get Up Kids
Inside of Love,Nada Surf
Everybody Wants You,Josh Kelley
Leaving Trains,James William Hindle
Don't Confess (This Thing That Breaks My Heart),Tegan and Sara
All I Can Do,Sandstrom Thomas
Pink Bullets,The Shins
Brief Intermission,Rob Momary
Most of the Time,Josh Canova
Swingset Chain,Loquat
Higher Than the Sun,Susan Calloway
Come Home Deliah,The Squirts
The Getaway,The Red Thread
I Shall Believe,Sheryl Crow
Here Without You,Jenn Shepard
If She Wants Me,Belle and Sebastian
Come On,Ben Jelen
Been Around the World,Extreme Music
Alien,Arco
It's You That I Find,David Graheme
Need You Here,Jude
I Can't Make Me,Butterfly Boucher
Dreaming,The Luxury Liners
Elsewhere,Bethany Joy Lenz
Lucky Man,Thomas Anderson
Big Ballin (Above the Rim),Bigg Blue
Never Like This,Buva
There Goes the Neighborhood,Sheryl Crow
Parking,The Fuzz
Home,Sheryl Crow
Tiny Little Fractures,Snow Patrol
Bleed,Stone Dogs
Lucky Kid,Sheryl Crow
Tell Your Story Walking,Deb Talan
He'll Be Around,Boss Martians
Don't Forget,Kid Gloves
Breaking Away,Bosshouse
Nothing,Smashtrax
It's Only Love,Sheryl Crow
The First Cut Is the Deepest,Sheryl Crow
One In Every Crowd,Viva Voce
Shadows Cast a Lie,James William Hindle
Looking for a Reason,Paul Trudeau
Slam,Midnight To Twelve
"Good Girl, Bad Boy",JUNIOR SENIOR
Shake Yer Booty,APM Music
Big Man on the Block,Black Toast
Get Naked,Black Toast
Get Naked (as Heard In One Tree Hill),Hans DeKline
Mix It Up,Master Source
Kung Fu Fighting,London Bus Stop
100 Years,Five for Fighting
All Kinds of Time,Fountains of Wayne
Big Brat,Phantom Planet
Push it Up,Cham Pain
You Can Leave Your Hat On,Tom Jones
For Sho,Master Source
Ladies Night,Kool & The Gang
Nothing Can Change It,David Graheme
No Good Without You,Tyrone Wells
You Bring Me,Pop
Note To Self: Don't Die,Ryan Adams
It's Over Now,Ricky Fante
Call Me Crazy,Marla Sokoloff
Been Around the World,Extreme Music
Just Be Simple,Songs: Ohia
Someone Like You,Master Source
Coming Undone,Highwater Rising
Spitting Games,Snow Patrol
Wrecking Ball,Viva Voce
Broken,Hathaway
Heaven,The Fire Theft
Love In December,Club 8
Everybody Hurts,Dashboard Confessional
Get Your Soul Freak On,Bosshouse
Throw My Heart Away,Black Toast
Tested By History,Hoy
Luzer,Super Bright Lights
Coming Back To You,Black Toast
Yo Money (As Heard on Psych),Bosshouse
Spitting Games,Snow Patrol
Party All Night,Menotti
Fire In the Pouring Rain,The Blackouts
Bring it On,Master Source
I Believe in a Thing Called Love,The Darkness
What Do You Want,The Defendants
What's Your Number?,Cypress Hill
Apart,The Cure
The Wish,Josh Canova
I Can't Steal You,Matthew Ryan
Through the Blue,Evan & Jaron
No Tomorrow,The Blackouts
Revelry,Sea Ray
I Have Found Mine,The Blackouts
Time and Time Again,Chronic Future
Thrown Away,VAST
Once in a While,Gigolo Aunts
Suffering,Satchel
Don't Take Your Love Away,VAST
To You Alone,The Beta Band
More Than Anyone,Gavin DeGraw
The Way You Walk,Faraci
EVENING STAR,All India Radio
Breaking Away,Bosshouse
Nobody's Perfect,Dios Malos
Stay,Michelle Featherstone
Where Are We Runnin'?,Lenny Kravitz
N.Y.C. Weather Report,Five for Fighting
Run (Revised),Snow Patrol
See Me,Rob Giles
Empty Apartment,Yellowcard
Take Your Mama,Scissor Sisters
She Will Be Loved,Maroon 5
Silence,Gomez
Just As Well,Emily Sparks
Lie In the Sound,Trespassers William
My Heart,The Perishers
Float On,Modest Mouse
"""Life Is Good""",Junk
Make it up to You,Bosshouse
Louque,Art
Cooper Moon,Tom Freund
Watching Rainbows,The Badge
Headsprung,LL Cool J
"Hip Hop, Don't Stop",The Cobalt Party Revolution
Mirror,Erica C.
Real Love,Toby Lightman
The Distance,Coby Brown
Everybody's Changing,Keane
Mirror,Erica Lane
Bridge and Tunnel,The Honorary Title
Satellite,Junk
Keep Your Receipt,The Cobalt Party Revolution
Kill,Jimmy Eat World
C'mon,Go Betty Go
Mirror,Erica Rose
Word Up!,Korn
Bad Habits,Michael Tolcher
Shake Dat Sh**,"Shawnna, Ludacris"
Bang Stranger,MC G-Nutz
Let's Get It Started (Spike Mix),Black Eyed Peas
Fit But You Know It,The Streets
Mirror,Erica C.
Roll With Dub,Double Owe
Angel,Lo-Tel
Fire At Will,The Other Guys
Ever After,The Other Guys
13 States,Michael Meanwhile
Big Days,PMG
There's Something Better,Hathaway
At the Speed of a Yellow Bullet,Head Automatica
Raise Your Hands,PMG
All I Want from You Is Love,Let's Go Sailing
Sway,The Perishers
Endless Shovel,Rogue Wave
16 Below,Light FM
Welcome to the Movement,Dee
The Keys To Life Vs. 15 Minutes of Fame,Atmosphere
Everything Is,Nectar
Funny Little Feeling,Rock 'n' Roll Soldiers
Good Time,Walkie Talkie
I'm Sorry,Black Toast
Baby Got Back,Lee Norris/Mouth
Somersault,"Zero 7, Sia"
Collide (Chris Lord-Alge Mix aka Radio Edit),Howie Day
Dare You to Move,Switchfoot
Hey Sugar,D'Lovely
Waiting for the Sun,The Shore
The Wind Blew All Around Me,Mary Lou Lord
Alive & Amplified,The Mooney Suzuki
Stay With Me Tonight,Wonderlife
Glad,Tyler Hilton
Sun & Stars,Michael Meanwhile
So Beautiful (Single Version),Pete Murray
Mid November,Johnathan Rice
You're at the top (Hit List),High City Miles
Hey Emma Lou,Brett Walker
On to you,Day and Night
Anything for You,Luther Russell
All the Time,D Note
Alive & Amplified,The Mooney Suzuki
Walkie Talkie Man,Steriogram
The Death of American Radio,Radio 4
Dance Floor,Star
Let Me Fall,Bethany Joy Lenz
Stop the World,Riddlin' Kids
Just a Lonely Boy,Lazy Stars
Proof,I Am Kloot
Sparkle Me,Buffseeds
Fireball,Paul Trudeau
Did I Lose You There?,Silver
When the Stars Go Blue,"Bethany Joy Lenz, Tyler Hilton"
Time Keeps Turning,The Vents
Give It Up,Midtown
Gone to Earth,The American Analog Set
No Reason,Sum 41
Every Ship Must Sail Away,Blue Merle
Testing,Nolan
Holiday,Doktor Kosmos
What You Waiting For?,Gwen Stefani
Shining Stars,Morella's Forest
Higher,Vegas De Milo
(I'm Gonna) Steal Your Girlfriend,Teen Machine
When the Stars Go Blue,"Bethany Joy Lenz, Tyler Hilton"
Hope Springs Eternal,john gold
Let's Go,The Rag City Dolls
You're a Day,Mitchell
The First Single (You Know Me),The Format
All My Life,Vegas De Milo
Be Be Your Love,Rachael Yamagata
Trying,Master Source
Runaway,Trailer Park Pram
Start it Over Again,Thornhill Broom Exp
Rowing Song,Patty Griffin
A Lot Like You,Pete Droge
How To Be Dead,Snow Patrol
When It Comes,Tyler Hilton
Life's Disease,Stutterfly
Sideways,Citizen Cope
Shoot Your Gun,22-20's
Pills,The Perishers
Yours Until Tomorrow,Dee Dee Warwick
23,Jimmy Eat World
Gather the Horses,Charlie Mars
One Against the Sun,D'Lovely
Sit Still,Public
Overdue,The Get Up Kids
Skyline Drive,Mae
Return to Me,Matthew Ryan
Whatcha Gonna Do,High City Miles
Glad (Acoustic Version),Tyler Hilton
South,Mark Geary
Finding Out True Love Is Blind,Louis XIV
Wreck of the Day,Anna Nalick
Clear My Head,Ivy
No Right Angles,Ben Lee
Be Mine,Tim Cullen
Begin,Ben Lee
Trapped In,Division of Laura Lee
Alright,Pilate
Lost My Way,Face
Broken,dalton grant
When It Comes,Tyler Hilton
The Good Kind,The Wreckers
She Has No Time,Keane
Want you to come over,Jim McGorman
Still You,John Doe
Get Through This,Low Five
Alive With Pleasure,Viva Voce
Walk Into the Sun,Dirty Vegas
Where Happiness Lives,Magnet
Genius,Inara George
I Predict A Riot,Kaiser Chiefs
Club Foot,Kasabian
Do You Love What You Feel,Foreal People
Enjoy (Instrumental),Teen Machine
Flying High,Jem
Deep,Citizen Cope
Do You Feel Love,Peope People
Looking For Love,Michelle Featherstone
You've Changed (Short Version),Bettie Serveert
I'm Not the One,"Gigolo Aunts, Kid Lightning"
Cry,Wonderful Johnson
Broke the Furniture,Earlimart
Sidewalks (Acoustic Version),Story of the Year
Chariot,Gavin DeGraw
Sleepers Awake,J.S. Bach
"Trumpet Concerto Opus 9, No 2, 2nd Movement",Albinoni
Wedding March (Traditional),Peter Lea-Cox
Now That You're Gone,Ryan Adams & The Cardinals
to Jenny,Sorta
sweet Little Bay,Sorta
Just a Little Bit More,Madison Rose
Long Beach (It's a Miracle),Gus Black
Back of the Church,Michelle Featherstone
Lie In the Sound,Trespassers William
Chariot,Gavin DeGraw
What Are You Afraid Of?,West Indian Girl
Broken,dalton grant
Who's to Say,Vanessa Carlton
The Devil Went Down to Georgia,Charlie Daniels
Girl Is on My Mind,The Black Keys
I Got More Bills Than I Can Pay,Black Toast
New Light of Tomorrow,Husky Rescue
What's on your mind?,Black Toast
Sugar Pill,Ambulance LTD
Disarmed,The Belles
Coming Clean,Tamara Bedricky
Try and Understand,Montana Shane
Abilene,Damien Jurado
Chemical Burns,Every Move a Picture
Sunshine and Cinnamon,Kid Lightning
Irrelevant,Matthew Ryan
Like a Man Possessed,The Get Up Kids
Sucker Train Blues,Velvet Revolver
On the 54,The Dandelions
Sucker,Damien Jurado
Son's Gonna Rise,Citizen Cope
When The Stars Go Blue,"Schuyler Fisk as ""Daytona"""
Hard To Love a Man,Magnolia Electric Co.
Hands Down,Dashboard Confessional
Holdin' On,Billy Livesay
Do You want to Party with me?,Bosshouse
Transform,Aeon Spoke
What It Is to Burn (New Version),Finch
Rest In Pieces,Saliva
Hold You In My Arms,Ray LaMontagne
Cats In Heat,The Honorary Title
Something's Wrong,Walkie Talkie
I Feel Naked Without My Cellphone,Two Hours Traffic
Scar,Missy Higgins
White Lght,Two Hours Traffic
Mixtape,Butch Walker
Sunny Road,Emiliana Torrini
Lottery,Damien Jurado
Walking With a Ghost,Tegan and Sara
Overcome,Better Than Ezra
All I Want,Susie Suh
Hear You Me,Jimmy Eat World
So Here We Are,Bloc Party
Work,Jimmy Eat World
How Love Should Be,Tyler Hilton
Polaris,Jimmy Eat World
Can You Sleep,Courtney Jaye
Fight for Your Right to Party,Andrew Paul Woodworth
The Good Kind,The Wreckers
Petrified to Be God-Like,Susie Suh
Cracks In The Sky,Bosshouse
The Good Man,Husky Rescue
Be Yourself,Audioslave
Wires,Athlete
Lavinia,The Veils
Feeling a Moment,Feeder
This Side Of Heaven,Matthew Ryan
The Rhythm of Your Breathing,Trembling Blue Stars
Nobody's Darlings,Lucero
Light Years Away (Album Version),MoZella
Simple As It Should Be,Tristan Prettyman
Stars and Boulevards,Augustana
She's Adorable,Leif Karate
Elsewhere,Bethany Joy Lenz
All Eternal Things,Trembling Blue Stars
Street Map,Athlete
Ride,Faraci
Waiting for Sunday,Michelle Featherstone
In N' Out,Kingstreet
You Light Up My Life,Debby Boone
Bela Lugosi's Dead,Bauhaus
We Are All On Drugs,Weezer
"Sugar, We're Goin Down",Fall Out Boy
When the Stars Go Blue,"Bethany Joy Lenz, Tyler Hilton"
Move Along,The All-American Rejects
Movin' On,Mya
Break Your Mama's Back,Slow Runner
The Leavers Dance,The Veils
Illuminate,Radius
Bought and Sold,Christopher Jak
Moonlight On Snow,Trembling Blue Stars
This Is for Keeps,The Spill Canvas
Always Love,Nada Surf
Invincible,OK Go
If I Handle You With Care,Trembling Blue Stars
Trondheim,Tom Freund
More of the Shame,Buddy
Bombs Away,Paris Texas
"Girls, Girls, Girls",Mötley Crüe
She's a Sexy Thing,Andromeda
I Wanna Move You,Erica C.
Disco Inferno (Re-Recording),The Trammps
"Dance, Dance",Fall Out Boy
In Your Head,Rob Grad
Empty Room,Marjorie Fair
TKO,Le Tigre
Play,David Banner
All Over,The Obscurities
Silver Sparkler,The Jim Yoshii Pile-Up
There She Goes,Radius
Sleeping Song,Sébastien Schuller
Body 21,Morningwood
"Rock and Roll, Pt. 2",Gary Glitter
Vila Rada,Nikola Sarcevic
1,Joy Zipper
Coming Back To You,Black Toast
Shadowland,Youth Group
Please Please Please,Shout Out Louds
Vaguely Happy People,Tommy Fields
On Lavender Hill,The Real Tuesday Weld
Premonition,Careen
Sweet Troubled Soul,Stellastarr*
Boyfriend,Ashlee Simpson
This Is The Place,Jim Kremens
All The Time,Kid Gloves
Rewind - Decade In The Sun Version,Stereophonics
i forgive you,emcee one
Lifting the Veil From the Braille,The Dissociatives
Let It Fall,Bosshouse
Good As Gold,Bleach
Your Ghost,The New Amsterdams
Tender,Feeder
I'm Going to Stop Pretending That I Didn't Break Your Heart,Eels
Motorcycle Dreamer,Red Letter Days
Cracks In The Sky,Bosshouse
Over,Jimmy Eat World
Feels Just Like it Should (Remastered for 2006),Jamiroquai
Sirius,The Alan Parsons Project
Star-Spangled Banner,Tyler Hilton
The Mixed Tape,Jack's Mannequin
Song Beneath the Song,Maria Taylor
Motorcycle Dreamer,Lamar
Holiday,Doktor Kosmos
Funk Left,Mike Datz
Keo's Blues,Luthor Russell
It Dawned On Me,Calla
Lights and Sounds,Yellowcard
The Fallen,Franz Ferdinand
Slumberland,James William Hindle
Say Anything,Dios Malos
Disintegration,Jimmy Eat World
Halo,Haley James Scott
For Blue Skies,Strays Don't Sleep
"Sugar, We're Goin Down",Fall Out Boy
Song for a Sleeping Girl,Devics
The Death of Us,The New Amsterdams
Simple,Katy Perry
Lost In Hollywood,Fighter Pilot
Easier to Lie,Aqualung
To Wish Impossible Things,The Cure
State of Affairs,The Living Blue
Since You've Been Around,Rosie Thomas
Halo,Haley James Scott
Over My Shoulder,I Am Kloot
Low C,Supergrass
Concrete Bed,Nada Surf
You Wanted It (Album Version),MoZella
Free,Kate Earl
Always Love,Nada Surf
Moksa,Twinstar
The Blues,Switchfoot
(So I'll Sit Here) Waiting,The Like
Bounce,Molly M.
Adele,White Mud Freeway
Tell Me Story,Sorta
Steve McQueen Was A Great Papillion,Leif Karate
Faith Hope Love,Starsailor
Life After Love,Colored Shadows
Missing You (Acoustic Version),Tyler Hilton
The State,Limbeck
Lions In the Storm,Elysian Fields
Hope,The Submarines
Where Gravity Is Dead,Laura Veirs
Think of You,Reeve Carney
Lock-Sport-Krock,Nikola Sarcevic
World Spins Madly On,"The Weepies, Deb Talan, Steve Tannen"
Here Comes a Regular,The Replacements
Chali Arr Arr Tu Chali,Anand Bakshi S.D.Burman
Armani,Joel Wachbrit
Idle Acres,The Belles
Torn Between Two Lovers,Mary Macgregor
Nth Degree,Morningwood
Huddle Formation,The Go! Team
Hard to Beat,Hard-FI
Tear You Apart,She Wants Revenge
Let's Be Friends,Deathray
Go On My Child,Michelle Featherstone
Love You More,James William Hindle
Halo,Haley James Scott
Night Is Still,Strays Don't Sleep
"Nobody Move, Nobody Get Hurt",We Are Scientists
Holiday from Real,Jack's Mannequin
"A Little Less Sixteen Candles, a Little More ""Touch Me""",Fall Out Boy
Dark Blue,Jack's Mannequin
Finale,Les Misérables Original London Cast
I'll Catch You,The Get Up Kids
The Mixed Tape,Jack's Mannequin
God Bless the Child,Michelle Featherstone
Saving Peyton Along The Way,John Nordstrom
Do You Want to Come With?,Stephen Fretwell
Break Your Mama's Back,Slow Runner
Can't Cry Hard Enough,Tom Freund
How to Save a Life,The Fray
Light On My Shoulder,Susie Suh
Daughters of the Soho Riots,The National
If We Cannot See,Devics
Revenge,The Waking Hours
Murderous Youth,The Living Blue
I've Got a Dark Alley and a Bad Idea That Says You Should Shut Your Mouth (Summer Song),Fall Out Boy
Reanimation,Blackalicious
Get It Together,The Side Effects feat. TJ Zindle
Brand New Orange,Limbeck
Not What I Wanted,Evan Olson
Perfect Now,Sarah Blasko
Washed Out,The Eames Era
Time,Monsters Are Waiting
Rose,Stephen Fretwell
The Fallen,Franz Ferdinand
We Belong Together,Gavin DeGraw
Train,Flipsyde
Temporary,Rogue Wave
Begin,The Times
He Lays In the Reins,"Iron & Wine, Calexico"
Don't Go Home,Buddy
Stupid,Spencer Tracy
Miracle of Mind,Joey Degraw
The Adventure (Radio Edit),Angels & Airwaves
Look After You,The Fray
Unsatisfied,Nine Black Alps
New York Minute,Mobile
Our Own Time,Joey Degraw
Someday,Bryan Greenberg
Close Your Eyes,Turn
Jealous Guy (Acoustic),Gavin DeGraw
Arsenic,The Loved Ones
Flight of the Hobo,Rocket from the Crypt
We All Lose One Another,Jason Collett
Coffee and Cigarettes,Michelle Featherstone
Your Ghost,The New Amsterdams
Be Gentle With Me,The Boy Least Likely To
Strangled By the Thought (Cured),The New Amsterdams
Middle of Nowhere (Album Version),Hot Hot Heat
We Are Man and Wife,Michelle Featherstone
Boston,Augustana
Seasons Change,Susie Suh
Chasing Cars,Snow Patrol
On Again,Spacebar
Babe I'm Gonna Leave You,Led Zeppelin
More Than Anyone,Gavin DeGraw
How to Save a Life,The Fray
Matching Weight,Trespassers William
Wrong Choice,The Lovely Feathers
Don't Wait,Dashboard Confessional
Everything'll Be Alright (Will's Lullaby),Joshua Radin
Within You,Ray LaMontagne
A Message,Coldplay
Currents,Dashboard Confessional
No Turning Back,Tom Freund
Le Disko,Shiny Toy Guns
The Way You Do,Five Times August
One More Night - (Your Ex-Lover Remains Dead),Stars
Westgate,Buddy
Born On the Cusp,The American Analog Set
The Man Who Told Everything,Doves
Way Back Home,The Wreckers
Play Hurt,The American Analog Set
Point of View,Little Humans
Post Blue,Placebo
Keep It Comin',Black Toast
The Queen and I,Gym Class Heroes
Walk the Moon,Belasco
Goodnight,La Rocca
Won't Back Down,Mat Kearney
Calendar Girl,Stars
Cool Kids Keep,The American Analog Set
Post Blue,Placebo
Back Together,Citizen Cope
Allison,Jeremy Kushnier
Everybody in Da House,Selectracks
Downtime,Dr. Caligari
"Kick, Push",Lupe Fiasco
I Gotcha,Lupe Fiasco
Crash & Burn,UTAH
I Am the Highway,Audioslave
The Truth,Si*Se
You Made It (feat. Chris James),DJ Shadow
"Something's Broken"" (AKA ""Imposter"")",The Burning Effigies
Prayers for Rain,The Cure
Lights Go Red,Chicks With Hits
City of Devils,Yellowcard
Beautiful Day,Mellowdrone
It's You,Annie Stela
Do It Alone,Sugarcult
Junk,Brainpool
Prelude 12/21,AFI
12,Alexi Murdoch
Rusted Wheel,Silversun Pickups
Shotgun,The Outline
"Bomb 1,2,3",Icon
Let Me Be,Tiffany
The Beauty Inside,Salme Dahlstrom
Sexy Baby,Moses McLean
Out Of Line,The Bravery
Poison Heart ,El Gato
Detail 2003,Voicst
The Funeral,Band of Horses
Oh Lately It's So Quiet,OK Go
Lay Me Down,The Wreckers
No Way Back,8mm
Open Window,envelope
Nin-Com-Pop,Lali Puna
Try to See it My Way,The Burning Effigies
Goodbye,Smith Point
I Remember Everything,Voyager One
Burn Me (as Heard On Ghost Whisperer),Bosshouse
22-Nov,Buddy
Center of Attention,Jackson Waters
The Truth,La Rocca
Summer,Belasco
Revelations,Audioslave
Wolf Like Me,TV On The Radio
Heartbeats,José González
Ice Age,Pete Yorn
Lesson Learned,Ray LaMontagne
Recognition,Susie Suh
Forever and Ever Amen,8mm
Hall of Fame,The Meeting Places
Non Believer,La Rocca
When I'm Gone,Sparrow House
Different Sound,Teddybears
Hard to Love You,The Wreckers
Dream,Priscilla Ahn
Chenoa,Chris Mills
Grey Room (Live),Damien Rice
Wait for Love,Matt White
Naive,The Kooks
"Sing, Theresa Says",Greg Laswell
Passion for Pageants,Patsy Butterfield
I Lost My Heart,Naut
A Sunset Knife Fight,Logh
Indian Summer,Sharron March
3 A.M.,Orbiter
Dancing the Night Away,APM Music
Little Helper,Salme Dahlstrom
It's Tricky,Run DMC
Lucky You,The National
Animal Chin,EEK
What Can I Do?,The Rosebuds
Masochist,Ingrid Michaelson
Chloe Dancer / Crown of Thorns,Mother Love Bone
Tuesday's Gone,Lynyrd Skynyrd
Don't Wait,Dashboard Confessional
Baba O'Riley,The Who
Sewn,The Feeling
About Today,The National
Overboard,Ingrid Michaelson
Into The Light,The Chemistry Set
Do You want to Party with me?,Bosshouse
About You,Loops
Well Here We Go Again,Bosshouse
"Far from the Last, Last Call",The Ataris
Close Your Eyes,Young Love
Crash Sounds,Blackpool Lights
Great Companion,Landon Pigg
Well Here We Go Again,Bosshouse
About You,Loops
Are You Gonna Be My Girl,Jet
Phantom Limb,The Shins
Three Seed,Silversun Pickups
Blindsides,Buddy
These Arms,Matt Costa
Sometimes,Howie Beck
Life is Beautiful,Vega4
I wanna,Black Toast
Forever Young,Alphaville
Super Sexy Free,Bosshouse
Let It Out,Within Reason
Favorite Sin,Within Reason
Please Resolve This,Altarmotive
Nux Vomica,The Veils
Hard feelings,Master Source
On a natural high,Sissy Prozac
Daisychains,Youth Group
No Stars,Maria Taylor
Stay Away,The Honorary Title
Sometimes I Feel,Fuse
Oldest Story In The World,The Plimsouls
She Back,Bosshouse
Midnight Rider,Allman Brothers Band
This Boy,James Morrison
She Wakes When She Dreams,Lucero
Lifesize,A Fine Frenzy
Penetrate Your Soul,Selectracks
Good Vibrations,Gym Class Heroes
You'll Ask for Me,Tyler Hilton
Stolen,Dashboard Confessional
Friend to a Stranger,Emerson Hart
Philosophia,The Guggenheim Grotto
In My Dreams,Scanners
Lost along the way,John Nordstrom
Soon Enough,Constantines
The Words We Say,Straylight Run
Disasters Are Okay,Letting Up Despite Great Faults
The Way I Am,Ingrid Michaelson
Be By Your Side (Live),The Storys
Burgundy Shoes,Patty Griffin
Something to Believe In,Aqualung
A Strange Kind of Love (Version 1),Peter Murphy
Isn't That Right,Satchel
Tell Me What It Takes,Lucero
Last Request,Paolo Nutini
Under the Folding Branches,The Veils
Taking Back What's Mine,New Moscow
Wrecking,Laura Veirs
Times Like These,Foo Fighters
Lightning Crashes,Live
Say It Ain't So (Non-Album Track),MoZella
Closer,Travis
Two,Ryan Adams
Wannabe,Spice Girls
"Rapper's Delight (7"" Single Version)",The Sugarhill Gang
Henrietta,The Fratellis
Three Seed,Silversun Pickups
Home Sweet Home,Mötley Crüe
God is a bullet,Cristian Amigo
Start a War,The National
Walking Away,Leopold
They'll Never Know,Ross Copperman
Within You,Ray LaMontagne
Mercy,Black Rebel Motorcycle Club
Light Up the Sky,Yellowcard
American Beauty,Salme Dahlstrom
I'll Be - New Album Version,Low vs Diamond
Steal Me,Jupiter Sunrise
You Got What It Takes,Selectracks
Irvine,Kelly Clarkson
What U Gonna Do,Lil Coe / Northstar
Slow Show,The National
Come Undone,Jackson Waters
Green Gloves,The National
Fake Empire,The National
The Freshmen,The Verve Pipe
Center of Attention,Jackson Waters
What You Gone Do,Coe 24K
Ripe,Ben Lee
Forgive Me,Group 1 Crew
Neverlost,Smashing Pumpkins
Gotta Be Somebody's Blues,Jimmy Eat World
Thank You,The Little Heroes
Lawman,Belasco
Bringa (feat. Apl.de.Ap & Nfa),Channel Two
DJ Make It Boom Loud (ft. Timna),Richard Wolf
Will Scarlet,Magic Bullets
Think It Must Be,Geoff Martyn
Will You Be There,Richard Harris
Back When You Were Good,The Hours
Follow Through,Hotel Lights
One Night On Earth,The Veils
Butterflies,Belasco
Advice for Young Mothers to Be,The Veils
All We Are,Matt Nathanson
Dry Ice & Strobe Lights,Pilot to Gunner
You Fill My Heart,Jason Walker
Bloody Nose,Earlimart
Time Won't Let Me Go,The Bravery
Kindly Unspoken,Kate Voegele
Silver Lining,Rilo Kiley
Just to Be There,Chase Emery
Mahabharata,Radio America
One Kiss Don't Make a Summer,Lucky Soul
Central Park,Goodmornings
Something's Got Me Started,Swingfly
"""The Take Over, the Breaks Over""",Fall Out Boy
Emotional Champ,New Buffalo
Privilege,The Temporary Thing
Brahms Lullaby,Johannes Brahms
Charlotte,Air Traffic
Weapon of Choice,Black Rebel Motorcycle Club
Heartbeats,José González
You Gotta Know Me,Sofia J
Loving You,Joey Ryan
Where I Stood,Missy Higgins
When You've Had Enough,Wild Whirled #51
October,Leopold
Cocaine Skin,Broken Social Scene
Hughes,The New Amsterdams
No Good,Kate Voegele
Happy Alone,Earlimart
Side of the Road,Matt Shwachman
Are You Gonna Be My Girl,Jet
Looking For Love,Michelle Featherstone
The Subtle Labyrinth,Mike Wolpe
Vision,Oliver Future
Get Your Hands Up,Ku
Better Than Love,Griffin House
No One's Gonna Love You,Band of Horses
Tick Tick Boom,The Hives
Sun and Shadow,Wideawake
Would You Still Be Mine?,Alex Winston
Drama Queen,Switches
Hey Mrs. (Glamour Puss Mix),I Monster
Read My Lips,Central Court Party
Just Another Girl,Red Panda
Jean Paul Belmondo,The Temporary Thing
No Good,Kate Voegele
Where I Sleep,"Echo Helstrom, Alessandra Dinu, Dave Basaraba, Mike McDaniel, Ross Seligman, Tahlia Rachel Harrison, Will Amend"
Chinatown,The Velocet
Never Meant For You (Robotekks Mix),David Kater
Almost,Round 2
This Layer,The Honorary Title
Stay Away,The Honorary Title
Far More,The Honorary Title
Give Me Heart,Susie Suh
Pitter-Pat,Erin McCarley
Heatseeker,Two Hours Traffic
Bright Red Star,Stereophonics
Struck Dumb,Lucky Soul
I Won't Disagree,Kate Voegele
You Got Yr. Cherry Bomb,Spoon
Come Home,findlay brown
I Feel It All,Feist
Ashes and Wine,A Fine Frenzy
I Won't Let You Go,Sarah Thiele
It's Only Life (Brian Malouf Mix),Kate Voegele
Pony (It's OK),Erin McCarley
Dirty South Hustla,Carolina Slim
Bring It On,Lenny Kravitz
Fakey Fake,Earlimart
so long,Brandy Johnson
Home,Holly Conlan
Never Even Told Me Her Name (Live),Air Traffic
The New Kid Revival,Her Space Holiday
Wish You Were,Kate Voegele
There's a Reason,A.A. Bondy
Broken,Lifehouse
I Like What You Say,Nada Surf
Only Fooling Myself (Brian Malouf Mix),Kate Voegele
Here Goes Something,Nada Surf
Tell Me How,Sara Lov
Right Here With You,Frozen Flames
See These Bones,Nada Surf
Cataracts,Andrew Bird
The Film Did Not Go 'Round,Nada Surf
Best Not to Think About It,Athlete
Something In My Eye,Turin Brakes
Here It Goes Again,OK Go
My Own,The Perishers
Ballroom Blitz,Sweet
Waking Dream,Natalie Walker
Superstar (feat. Matthew Santos),Lupe Fiasco
In the building,Sermad
Open Late,Ryan Lindsey
Never Find Again,Jason Reeves
She Holds a Key,Gavin DeGraw
I Taught Myself How To Grow Old,Ryan Adams
My Hometown,Bruce Springsteen
Shine,Anna Nalick
"Pachelbel's Canon In D Major (Pano) Cannon In D, Kanon In",Pachelbel's Canon In D Major
Bridal Chorus,A-P-M Productions
Never Tear Us Apart,INXS
Ride,Cary Brothers
"Jane, I Still Feel The Same",Matthew Ryan
Winter,Holly Conlan
Apologies,Grace Potter & The Nocturnals
Push Your Head Towards the Air,Editors
Little Bird,The Weepies
Good Kind of Crazy,"Brighton, MA"
Drink Too Much,Tim Williams
It Couldn't Be Me,Johnathan Rice
Love Under Key,La Rocca
Let Me Breathe,The Hours
Home,Foo Fighters
Ride,Cary Brothers
Break You,Hawaii
Spitfire (feat. Lazarus),Firstcom Music
In Loving Memory,Jamestown Story
Leaving Town Alive,"Jeff Cohen, Bethany Joy Galeotti"
Along the Way,The Honorary Title
No One's Aware,Jack Savoretti
Birthday Song,the shapes
Adore Adore,Yoav
Roadway Hymn,La Rocca
Twinkle Twinkle Little Star,Extreme Music
Be the One,The Ting Tings
In Between Songs,The Temporary Thing
The Wake Up Song,The Submarines
Pages of the Weekly,The Broken Remotes
Everything's Magic,Angels & Airwaves
Sure Can Start,Two Hours Traffic
Crazy For Leaving,Catfish Haven
As It Must Be,Joey Ryan
Won't Give Up the Fight,The Thin Men
The Sound,Paper Route
Hometown Glory,ADELE
Builds and Explodes,Tim Williams
My Love In Blue,Tom Hanson
Song We Sang Away,Low vs Diamond
Second Chances,Paper Route
In Love With a Girl,Gavin DeGraw
Between the Minds,Jack Savoretti
Twenty Years,Augustana
Don't Forget Sister,Low vs Diamond
One More Time,AutoVaughn
In My Arms,Plumb
Elephants As Big As Whales (Bonus Track),PlayRadioPlay!
News to Me,We Are Castles
Run (I'm a Natural Disaster),Gnarls Barkley
Heart Attack,Low vs Diamond
"10,000 Stones",Adrianne
Damn (feat. Brixx) [Robotekks Remix] {As Featured On One Tree Hill},David Kater
Hallelujah,Kate Voegele
I Don't Want to Be (Live),Gavin DeGraw
All Downhill from Here (feat. Tim Myers),Amy Kuney
Awoken,Jim Salinger
Disappear,The Gabe Dixon Band
Blindsided,Bon Iver
End of the Road,Tyler Burkum
A Man I'll Never Be,Boston
She Said,Leopold
Flume,Bon Iver
Baker Lake,Sera Cahoone
Feel This (feat. Enation),Bethany Joy Galeotti
Feel This (feat. Enation),Bethany Joy Galeotti
Lovers In Japan / Reign of Love,Coldplay
Town Where You Belong,Earlimart
Look At You,My Morning Jacket
Highly Suspicious,My Morning Jacket
In the Ayer (feat. will.i.am),Flo Rida
Burning Love,Elvis Presley
I Should Be Lost Without You,David Condos
Poke,Frightened Rabbit
Violet Hill,Coldplay
Coming to Terms,Carolina Liar
Forevermore,Katie Herzig
Shameless,The Fratellis
How Do You Dream,9 Ball
Changin',Vince Vaccaro
Left Alone,Vince Vaccaro
When You Are Near,Carolina Liar
Face Down In the Right Town,Earlimart
A Brittle Filament,The One AM Radio
Some Streets Lead Nowhere,Matthew Ryan
Feels Like Letting Go,Matthew Perryman Jones
Small Things,The Audreys
Shine Your Light On Us,Robbie Seay Band
Memories (All We Need),The Sequel
Further to Fall,Dan Craig
Quiet in My Town,Civil Twilight
Paris,La Rocca
Mick in my Studio,John Doe
More Than Life,Whitley
Matinee,Hurts to Purr
A Children's Crusade On Acid,Margot & The Nuclear So and So's
Said and Done,Meiko
This is Your Life - New Album Version,Low vs Diamond
Scream,Chris Cornell
How Would You Like It,Jem
Moving Ground,Mezzanine Owls
Heartbeats,Adios Control
Orphans,Jack's Mannequin
Running Down,Michelle Featherstone
They Bring Me to You,Joshua Radin
Alison,Elvis Costello
Capsule,Turin Brakes
No Envy No Fear,Joshua Radin
If I Am A Stranger,Ryan Adams & The Cardinals
Half Speed,La Rocca
Dreamers,Jack Savoretti
Baby Doll,The Fratellis
Good Arms vs Bad Arms,Frightened Rabbit
Who Ya Think Ya Are,Bosshouse
It Ends Here,Matt Pryor
Storm,Adrianne
Quiet Times,Dido
They Bring Me to You,Joshua Radin
Hearts in Pain,Stephen Kellogg & The Sixers
Long Gone,Chris Cornell
Psychotic Girl,The Black Keys
Ah Mary,Grace Potter & The Nocturnals
When the Stars Go Blue,"Bethany Joy Lenz, Tyler Hilton"
Pa' Bailar - Siempre Quiero Mas (feat. Julieta Venegas),"Bajofondo, Julieta Venegas"
Fascination Street,The Cure
Bethlehem,Hopewell
Gypsy Queen,Kristin Diable
Dreamer,Uh Huh Her
Standing Still,Buddahead
I Want Something That I Want,Grace Potter & Bethany Joy Galeotti
Watch Out,Chris Cornell
Let's Dance to Joy Division,The Wombats
Simple Life,Carolina Liar
The Last Post,Extreme Music
An Ordinary Life,The Temporary Thing
When the World Stops Turning,Matt Pryor
My Only Offer,Mates of State
Boys Will Be Out for a Fight,The Filthy Souls
Stop!,Against Me!
Stay Down,Smoking Popes
Sheets,Damien Jurado
Can You Tell,Ra Ra Riot
You Got Growing Up to Do (feat. Patty Griffin),Joshua Radin
It Is Best to Keep It All Inside,Johnathan Rice
I Don’t Live In a Dream,Jackie Greene
Leaving You,Corey Crowder
Can't Go Back Now,The Weepies
Love Song for a Schuba's Bartender,Margot & The Nuclear So and So's
Ugly,Max Boogie Overdrive
An Ordinary Life,Juice Monkey
Soul Waver,Malika Ayane
It Means Nothing - Decade In The Sun Version,Stereophonics
Just Because,Earlimart
Constantly,Molly Marlette
Hello Vagina,Margot & The Nuclear So and So's
World In Flight,Enation
All The Things You Know,Blue Judy
Feel This (feat. Enation),Bethany Joy Galeotti
You Can't Break a Broken Heart,Kate Voegele
Suburban Bliss,Edith Backlund
Secret Crowds,Angels & Airwaves
Lifeline,Angels & Airwaves
As Time Goes By,Herman Hupfeld
"Sing, Sing, Sing",Louis Prima
"Sing, Sing, Sing (With a Swing)",Benny Goodman and His Orchestra
Brash Cash,APM Music
Karen's Cafe (From One Tree Hill),Bethany Joy Galeotti
I Know,Meaghan Smith
Midnight Serenade,APM Music
Mrs. Scott (From One Tree Hill),Bethany Joy Galeotti
Scheming Star (From One Tree Hill),Bethany Joy Galeotti
Smokey Joe's,APM Music
Unless,St. Lola in the Fields
Don't Say,St. Lola in the Fields
The Lucky Ones,Patrick Park
Happy Twist,Elisabeth Yndestad
Don't You (Forget About Me) [Remastered],Simple Minds
Anthem,Born In The Flood
First Noel,Jackson Brundage
Cha Cha (Be My New BF),Spider Problem
(Get Off Your) High Horse Lady,Oasis
A Falling Through,Ray LaMontagne
What Have We Got to Lose?,Aron Wright
Devil In Me,Kate Voegele
Neon Sky,Starsailor
Hawaii,Meiko
Paper Kite,Damien Jurado
Into Your Soft Heart,Everest
I Don't Feel It Anymore (Song Of The Sparrow),William Fitzsimmons
My Backwards Walk,Frightened Rabbit
Been a Long Day,Rosi Golan
Sincerely Hope It's You,Edith Backlund
Perfect Games,The Broken West
Manhattan from the Sky,Kate Voegele
Miss,Tim Hanauer
Can't You Hear Me Growl,Bosshouse
Frankenstein's Niece B,APM Music
Tell Me Something,APM Music
In Debt to the Heart,Born In The Flood
Greatest Love of All,"Cullen Moss, Vaughn Wilson"
Behind Your Eyes,Jon Foreman
Dear You,Josh Auer
Hazy (feat. William Fitzsimmons),Rosi Golan
The Nature Of Reality,Oasis
Spiralling,Keane
Destiny,Minnutes
Stuck In the Backseat,The Noises 10
When the World Ends,The Bittersweets
Manhattan from the Sky,Kate Voegele
More to Luv,Minnutes
Ulysses (Live),Franz Ferdinand
Jazz Magic,"Carlin, APM Music"
Once When I Was Little,James Morrison
What's so Bad (About Feeling Good)?,Ben Lee
Let You Down,Tin Star Orphans
Snow Globe,Mezzanine Owls
Let's See What Happens,the breakups
Man Made Lake,Calexico
So Please,Starlume
Natural Disaster,Andrew Bird
You Found Me,The Fray
Sea Song,Lisa Hannigan
One of Those Days,Joshua Radin
After Afterall,William Fitzsimmons
Are You Lightning,Nada Surf
Lost Forever,The Guggenheim Grotto
A Piece for You,Meaghan Smith
Save a Place,1969
Manhattan from the Sky,Kate Voegele
Devil's Got My Soul,Gone City
Le Fantasy,Minnutes
Love Is the End,Keane
On My Own,The Trigger Code
Easy to Love,Sons of William
Stinger,Razorlight
Glass,Gavin DeGraw
Little Tornado,Aimee Mann
Never Say Never,The Fray
After Afterall,William Fitzsimmons
Thinking of You,Pete Yorn
Today's Another Nation,The Red West
I Don't Care - Single Version,Fall Out Boy
Underneath My Skin,Stella Project
4321,Manafest
Found,Phillip LaRue
Where Love Went Wrong,Augustana
Harley Sunday,Kate York
Save You,Matthew Perryman Jones
I Came Around,Amie Miriello
Angel,Kate Voegele
Killer B,Low vs Diamond
Bonfire,Spacebar
My Favorite Song,Skyler Stonestreet
I Can Feel a Hot One,Manchester Orchestra
The Look,Color Of Clouds
As Much As You Lead,Lex Land
Cartoons and Forever Plans (feat. Michael Stipe),Maria Taylor
99 Times,Kate Voegele
On the Wing,Owl City
Black Hole,The Aeroplanes
Never Get Enough,Honeypie
Our Own Time,Joey Degraw
Make Things Right,Sara Rumar
A Lack of Armor,Jesse Ruben
Turn Me Loose,Loverboy
SHAKE iT,John John
Iron Man,Nico Vega
On Our Way,Scott Cresswell
All Broken Hearts,Tyrone Wells
Anyone Night Stand,The Sleeping
All In My Head (Radio Mix),Nick Lachey
Pictures of You,The Cure
Lift Me Up,Kate Voegele
Amelia,Matthew Perryman Jones
Angel,Mark Geary
Everything I Want,Matt Pelham
She Is Love,Parachute
Foreign Room,Telekinesis
I Don't Know,Shelly Fraley
Long Time Nothing New,Pete Yorn
Like You Do,Angel Taylor
Innocent,Aidan Hawken
Broken Voices,ari hest
Can’t Help Falling In Love (Live At Daytrotter),Ingrid Michaelson
All In My Head (Radio Mix),Nick Lachey
Bridal Chorus - Wagner,"Richard Wagner, Various Artists"
99 Times,Kate Voegele
I Can't Fix Us Two,Katie Costello
Sweet Silver Lining,Kate Voegele
Rains Here Too,Kate York
Wedding Dress,Matt Nathanson
War Sweater,Wakey!Wakey!
Safe At Home,Starsailor
Murderous Air,Tim Williams
Come Around,Rosi Golan
Roll Your Windows Down,Casey Shea
Days Like This,Kim Taylor
Inside Out,Kate Voegele
Hallelujah,Gin Wigmore
Begin You,Kate York
Can't You See,The Marshall Tucker Band
Quicksand,Everly
Out Of Reach,Matthew Perryman Jones
Belated Promise Ring,Iron & Wine
Chasing the Daylight,Phillip LaRue
Devil May Dance,AJ Roach
Heart,Annie Stela
Hollow Notes,Novi Split
"Love Like a Sunset, Pt. 2",Phoenix
Rock.Paper.Scissors,The Parlotones
That Look You Give That Guy,Eels
Soldier On,The Temper Trap
You Wait for Rain,Kyler England
Wonder,Jack Savoretti
She's A Genius,Jet
Back Against the Wall,Cage the Elephant
Not a Love Song,Uh Huh Her
Doorway,Io Echo
Black Champagne,Starlight Mints
Autumn Eyes,Tin Star Orphans
Hands,Blu Sanders
Growing Old Is Getting Old,Silversun Pickups
Stilts,Tim Williams
Hey Na Na,Katie Herzig
Showdown,Black Eyed Peas
Hollow Talk,Choir of Young Believers
Ozone Street,Tim Williams
Born In the Spring,Stephen Kellogg & The Sixers
Mom,Lucero
Last Confession,Sorta
Welcome Home,Radical Face
Drifters,Zaac Pick
Let It Out,Crash Boom Bang
Love's Lost Guarantee,Rogue Wave
Sometimes - US Album Version,Noisettes
Never Forget You,Noisettes
Don't Upset the Rhythm (Go Baby Go),Noisettes
Goodnight and God Bless,Robin Foster
Sunshine Coolin',The Asteroids Galaxy Tour
Daily Turn,Beat Corp
Whatever It Takes,Tracy Shedd
Blood Oranges,Foreign Born
Come Back When You Can,Barcelona
Help I'm Alive,Metric
Rain At Your Door,The Aeroplanes
Houses,Great Northern
Deeper Side of You,Phillip LaRue
Hey Darlin' Do You Gamble?,Lucero
Never Know,The Wooden Birds
Burn My Eyes,Simon Kelly
Bent,BandB
Seeds of Night,The Cave Singers
Momma's Boy,Elizabeth & The Catapult
How Could I Lose,James Yuill
I Want You So Bad I Can't Breathe,OK Go
Love Lost,The Temper Trap
To Build a Home (feat. Patrick Watson),The Cinematic Orchestra
All Time Low,Stacy Clark
Plans & Reveries,Black Gold
Worry About It Later,Brakes
Don't Hold Your Breath,Athlete
Leaving It,Novi Split
First Chance,David Gray
Everyman,The Guggenheim Grotto
The Longing,Eels
Never Go Too Far,Oh Darling
Feather In the Wind,Susie Suh
Cheek Petit,The Clarke & Ware Experiment
I And Love And You,The Avett Brothers
I Won't,Colbie Caillat
Angel Flying Too Close to the Ground,Willie Nelson
Menace,Bjorn Baillie
While We Have The Chance (ft. Peter Bradley Adams) ,Rosi Golan
Manic Boogie,The Shake
Belle of the Boulevard,Dashboard Confessional
Buried Treasure,Grant Lee Phillips
Whose Side Are You On?,Doubting Paris
Inside These Lines,Trent Dabbs
Feels Like the End,Shane Alexander
Moving In Stereo,The Cars
Black Swan Song,Athlete
Pass The Dutchie,Musical Youth
Break Me Down,Ryan Calhoun
So He Won't Break,The Black Keys
You Got Some Nerve,The Spies
Silvia,Miike Snow
Will You Be By Me?,Wallpaper Airplanes
Asleep on the Lawn,The Hampdens
Listen,An Horse
Ballad of a Broken Heart,Jesse Glick
Maybe,Everly
Kathleen,David Gray
A New Beginning,Endochine
Will You Be By Me?,Wallpaper Airplanes
Left To Dry,Shaimus
Have a Nice Day,Megha Maan
The 40th Century,The Hereafter
Letters from the Sky,Civil Twilight
Baby I Need You,Kim Taylor
Down,Jason Walker
Hotblack,Oceanship
Let Loose the Horses,The Rescues
Stranger Keeper,The Rescues
False River,A.A. Bondy
Where Do We Go?,Bear Lake
Gravitate,Lou Barlow
Too Many Pills,Ryan McAllister
Electrical One,Quinn Marston
Sweet Disposition,The Temper Trap
Jump For It,Jesse Johnson
Maybe,Everly
Odds of Being Alone,"Amy Stroup, Trent Dabbs"
Burn It Down,Color Of Clouds
Gotta Give It to 'Em,Lexicon
Stars,Barcelona
Hair of the Dog,Nazareth
Trace of You,Peter Bradley Adams
Good Times,Susie Suh
Mother,Jack Savoretti
Your Love Is a Song,Switchfoot
Blue Skies,Noah & The Whale
As Much as I Ever Could,City and Colour
Mother,Jack Savoretti
3 Rounds and a Sound,Blind Pilot
The One Step,Jean Grae
Mama Said Knock You Out,LL Cool J
We Don't Eat,James Vincent McMorrow
Until You Won Me Over,Trent Dabbs
Horizon,Rachael Yamagata
Waiting,City and Colour
Brooklyn (Acoustic Version),Wakey!Wakey!
Flying Machine,Everly
Funhouse,P!nk
Girl In the Moon,Everly
We Belong,Everly
Out of the Day,Blue Judy
Look Alive,Wait.Think.Fast
Something to Hope For,The Undeserving
The Rain,Vedera
Never Gonna Be,Bethany Joy Galeotti
From Where You Are,Lifehouse
Bad Dream,Zaac Pick
Crystalised,The XX
Does Life Begin Again,Ryan Webster
If You're Gone,Pleasure Bridge
Islands,The XX
My Timing Is off,Eels
Off Track,The Features
Personality Overload,The Beat Seekers
Rewind,Diane Birch
The Cure,Tegan and Sara
Broke,So & So
Don't You (Forget About Me) [Remastered],Simple Minds
4 Ferris,Geoff Grace
Bizarre Love Triangle,Sennen
Cool Fool,Joel Bogen
Everybody Knows,Cheap Trick
I Want You to Want Me (Live),Cheap Trick
Know That I Would,Right The Stars
If You Were Here,Cary Brothers
Smile,Cheap Trick
Surrender,Cheap Trick
The Lovecats,OK Go
Lullaby,OneRepublic
Brooklyn,Wakey!Wakey!
Brooklyn Blurs,The Paper Raincoat
Carefree,Samantha Stollenwerck
Lost and Found,Kim Taylor
Glass,Ross Copperman
Where You Are,Low-Fi
On Her Way,Shelly Fraley
All the Beautiful Things,Eels
Far End of the Black (Acoustic Version),J.R. Richards
Hold Onto Hope Love,Amy Stroup
The Dress Looks Nice on You,Sufjan Stevens
Zero Tolerance,Bart Hendrickson
The Candle Burned Out,Shout Out Louds
Leaving for the West,Blue Judy
Same Way Twice,Trent Dabbs
Too Hot To Stop,Marc Ferrari & Steve Plunkett
Everything Went Down,Kate Tucker
Fragments,Rocky Votolato
Lucky Clover Coin,Rocky Votolato
I Love You Just Because,Bosshouse
Look Back On,Trent Dabbs
Down and Dirty (as Heard On Las Vegas),Michael Mulholland
November,Gemma Hayes
Clap (See the Stars),The Myrmidons
Middle of June,Noah Gundersen
Open Your Eyes,Andrew Belle
Carrollton,Shane Alexander
Last Day,Ari Herstand
God Knows,Fay Wolf
Towards the Sun,Alexi Murdoch
Party In the U.S.A.,Miley Cyrus
Landslide,Fleetwood Mac
I Shall Believe,Sheryl Crow
Substitutes,The Windupdeads
Enough to Let Me Go,Switchfoot
Let You Go,Noush Skaugen
Rock and Roll All Nite,Kiss
Car Crash,Wakey!Wakey!
Make You Feel My Love,ADELE
All For The Taking,Turtle Giant
Control,JJ Heller
Who Who,Midnight Hour
You're Gonna Break My Heart Someday,The Idyllists
Black Tables,Other Lives
August Moon,Dylan in the Movies
Dance So Good,Wakey!Wakey!
July Flame,Laura Veirs
Love's Not Worth It,Lee and Willbee
Beat Through,Turtle Giant
Beat the Devil's Tattoo,Black Rebel Motorcycle Club
Flying Machine,Everly
My Heart Still Beats for You,Anna Ternheim
Not In Love,Olin & The Moon
Sunlight,Turtle Giant
The Heart Won't Be Denied,Colin Devlin
The Sound of Silence - Electric Version,Simon & Garfunkel
Angel Flying Too Close to the Ground,Willie Nelson
Already Fell,The Music Dept.
Brooklyn,Wakey!Wakey!
Calls Me Home,Shannon LaBrie
In the Moonlight,Susie Suh
On Your Way,The Little Heroes
Optimism,Jarrod Gorbel
Quiet Hearts,Amy Stroup
Yellow Bird,Bess Rogers
Here Before,Lissie
Timshel,Mumford & Sons
Light Outside,Wakey!Wakey!
Off Track,The Features
Almost Everything,Wakey!Wakey!
Poor Boy,Blind Pilot
The Temporary Blues,The Features
Don't Wake Up,The Kissaway Trail
New Year,The Kissaway Trail
How Long?,Jarrod Gorbel
Golden Love,Midnight Youth
Carry You Home (Single),Nashville Skyline
On Time (feat. TuPhace),The Disco Biscuits
All In a Day,The Open Sea
Happy,The Daylights
I'll Do Better,Jarrod Gorbel
Stick to Your Guns,"Onward, Soldiers"
The Search,Setting Fires
There's A Light,Jay Malinowski
We Did It When We Were Young,The Gaslight Anthem
I Don't Want to Be,Kate Voegele
Tightrope,Joy Williams
Hope A Little Harder,Amy Kuney
All Things New,Grayson Kessenich
Belong,Cary Brothers
Body Shots (At The Bar),Kaci Battaglia
Can't Take My Eyes Off You,Cary Brothers
Home (feat. Jesse Carmichael),Ry Cuming
I'm The Man,Name Brand
Just Breathe,Pearl Jam
Music to Drive and Cry to,Endochine
Semi Automatic,The Boxer Rebellion
This Is Something,Kevin and The Octaves
This Time Tomorrow,Trent Dabbs
I Don't Want To Be,Fall Out Boy
Pray You Through,Sixteen Cities
All The Way,Carolyne Neuman
Factory,Band of Horses
Good Man,Casey Shea
I Still Do,I Am Kloot
I'll Be There,The Parlotones
Liberty,Andy Davis
Red October,Jesse Marchant
Ring the Bells,Satellite
Your Beating Heart,Brendan James
Limbo Rock,Chubby Checker
All the Way,Novi
I Don't Want to Be,Susie Suh
Good Life,OneRepublic
How,Maroon 5
Just You,Amy Stroup
Love Is On the Way,Susie Suh
My Own Drum,Jules Larson
Peace In the Valley,Dawes
Sick Of Dreaming,Alexander Cardinale
Sleepyhead,Thompson
The Rock and the Tide,Joshua Radin
I don't want to be,Matthew Ryan
Alien,Cary Brothers
Broken Horse,Freelance Whales
Come to Me,Casey Hurt
Devilish Ways,Jarrod Gorbel
For the Summer,Ray LaMontagne & The Pariah Dogs
Howlin' for You,The Black Keys
Lost,Aqualung
Off I Go (2010 Mix),Greg Laswell
Our Light,Jack Dolgen
River,Eugene & The 1914
I don't want to be,Laura Izibor
Possibility,Sierra Noble
Golden Frames,KT Tunstall
Can't Be Love,Laura Izibor
Holding a Heart,Girl Named Toby
Good Night Ladies,Beach Music Quartet
Keep Me Tonight,The Open Sea
Monsters,"Onward, Soldiers"
Only Human,Ryan Huston
Star,Kalie & Mister Dunmore
Take Me to Heaven,Jarrod Gorbel
Whiskey For The Road,Amy Tipton
The Diamond Church Street Choir,The Gaslight Anthem
Holding a Heart,Toby Lightman
I Don't Want To Be,Lucas Field
Ten Years Older,Jarrod Gorbel
Confessions of a Girl,Ry Cuming
Daytime,Jack Dolgen
Get Down Tonight,K.C. And the Sunshine Band
In the Morning,Downpilot
Old Haunts,The Gaslight Anthem
Still Around,Eugene & The 1914
String Quartet In A minor - Andante,Extreme Music
Sunday Afternoon,Rachael Yamagata
Ten Cent Pistol,The Black Keys
The Piano Shake,Hammerwax
Together We're Never Alone,Right The Stars
Be Still My Heart,Peter Bradley Adams
Can't Be Love,Laura Izibor
Crooked Lust,Bowerbirds
Everybody's Wrong Sometimes,Laura Izibor
Ides of March,Lex Land
People in the Hole,Catherine Feeny
Roll Over Me,The Autumn Film
Take It All In,Trent Dabbs
Tangled Up,Gareth Dunlop
With Me Tonight,Ellery
Time Moves Slow,"Aqualung, Alison Sudol"
Summer Holiday,Wild Nothing
Burn the House Down,Scars On 45
Hands,Fences
L.O.V.E,V. V. Brown
Mercury,She Keeps Bees
My Own Worst Enemy,Lit
Second Life,The Real Efforts of Real People
Restoration,The Acorn
You Will Find Me,Andrew Ripp
Your Direction,Chief
Best Day of Your Life,Katie Herzig
Cotton Eyed Joe,The Moody Brothers
If Tonight Is My Last,Laura Izibor
Erase Me (feat. Kanye West),"Kid Cudi, Kanye West"
Just Know,Eugene & The 1914
Love Is,Helen Austin
Mmm...,Laura Izibor
Never Gonna Give You Up,The Black Keys
One Day,Sharon Van Etten
September,The Dimes
Trust,Generationals
Angel Flying Too Close to the Ground (Live),Willie Nelson
Both Sides Are Even,The Boxer Rebellion
Follow Suit,Trent Dabbs
For 12,Other Lives
Something Good Coming,Tom Petty & The Heartbreakers
Gold Guns Girls (Acoustic),Metric
It's Thunder and It's Lightning,We Were Promised Jetpacks
All the Difference,Red Cortez
Cut Loose,The High Decibels
Fell On the Floor,Red Cortez
Get Up & Fight,Juice Monkey
Loaded,Extreme Music
Love Is,Helen Austin
Low (feat. T-Pain),Flo Rida
Move Like This,Hammerwax
Radiostar,Get Back Sons
Rough Cut,The Paper Raincoat
Say It Once,Glass Pear
So Many Things,The Whispering Tree
Susanna,Trickbag
Ten Million & Two,Yvonne Devaney
The Sun's Going Down On Me,Hans Olson
Under Control,Cary Brothers
Coming Home,The Dimes
I Do,Susie Suh
Don't You (Forget About Me) [Remastered],Simple Minds
Love Can Make You New,JJ Heller
Marry Me,Train
Michigan,Derby
Must Be Love,Jake Smith
My Best Friend,Kate York
My Baby,Julia Stone
Sights and Sounds,The Rocketboys
Sweet and Low (Acoustic Version),Augustana
You Are the Best Thing,Ray LaMontagne
Thought You Knew,Melanoid
Bound & Gagged,Extreme Music
Colors,Grace Potter & The Nocturnals
Enjoy The Ride,Extreme Music
Eyes,"Peter, Bjorn and John"
I Won't Give Up,Jana Kramer
In the Fall,Red Cortez
Push Back,Another Cynthia
Say for Certain,Generationals
Second Mind,Adam Haworth Stephens
Sweet Mystery,Shannon LaBrie
Switchblade,Jenny and Johnny
You Know Who You Are,The Daylights
Castle,Timmy Curran
For You,Forbidden Friends
God Willin' & the Creek Don't Rise,Ray LaMontagne & The Pariah Dogs
Heart Beats Slow (From One Tree Hill),So & So
I Can See,Sierra Noble
Pressure,Quadron
Rhythm of Love,Plain White T's
The Girl,City and Colour
Northern Wind,City and Colour
We're Gonna Make It,Michael May
The Girl - Acoustic,City and Colour
Off We Go (feat. Erin McCarley),Trent Dabbs
Easy,Arnold
Carrying the Torch,Generationals
Royal Blue,Cold War Kids
Heights of Diamond,Adam Haworth Stephens
Boys Around Here,Fences
Strings,Young The Giant
Talking To Yourself,The Russians
Thin Air,Aqualung
Everything Will Be Alright,Matt Wertz
Crazy Ride,Michelle Branch
Pumped Up Kicks,Foster the People
I Won't Give Up,Jana Kramer
All the Pretty Ones,Say Hi
Girls Girls $,Theophilus London
Gonna Make You Mine,Olin & The Moon
In Your Arms Again,Pleasure Bridge
Leaving In the Sunrise,The Novocaines
Souvenir,Ages And Ages
The Pressure,The Boom Circuits
Vacation Vacation,U.S. Royalty
Step Into The Ring,Hammerwax
Begin You,Kate York
Changing Us,Brendan James
Counting Stars,Augustana
Dare You to Move,Switchfoot
Do Not Hang Your Head,Elizabeth & The Catapult
Just Stay Here Tonight,Augustana
Knife Fight,Calhoun
Please Don't Leave Quite Yet,Adam Agin
Poison & Wine,The Civil Wars
Running Back to You,Matt Wertz
Seize the Day,Shelly Fraley
Sounds Of Now,Assassins
Your Kind of Girl,Jules Larson
Whiskey,Jana Kramer
Days Go By,The Confusions
Everyone Falls,Beth Thornley
For Now People,Joey Degraw
Gone,Ian Axel
Not In Love,Olin & The Moon
Psychasthenia,William Fitzsimmons
Water from the Same Source,Rachel's
Struck By Lightning,The Wooden Birds
GONE,Ian Axel
Civilian,Wye Oak
Casablanca,Fast Romantics
Hard to Be,David Bazan
Highlights From a Cold and Desperate Song,Hotel Eden
Like Whatever You Want,Xzibit
Maps of Wars,Branches
Mine Is Yours,Cold War Kids
Perfect Kind of Love,Kim DiVine
"Posture, Etc.",Say Hi
Stone In My Heart,Graffiti6
The Lightning Strike,Snow Patrol
Forever You Won't,Xzibit
Amor,Muevate
Arms,Christina Perri
Beautiful Trash (feat. Megan Washington),Lanu
De Cuba a Miami,Muevate
El Farol,La Santa Cecilia
Home,Ok Sweetheart
It Doesn't Matter (An Association),Hotel Eden
La Vida Buena,Muevate
Last Friday Night (T.G.I.F.),Katy Perry
Puzzle Pieces,Saint Motel
Rolling in the Deep,ADELE
Take Me Away,The Dimes
Wash U Clean,Beth Thornley
Where The Sun Shines Free,Lizzie Brown
Big Jet Plane,Angus & Julia Stone
Heart In Chains,Kate Voegele
A Moment of Peace,Jarrod Gorbel
Clementine,Sarah Jaffe
Darkest Horse,Rosie and Me
Slow Your Breath Down,Future of Forestry
Kiss Quick,Matt Nathanson
Mah Na Mah Na,Mahna Mahna and The Two Snowths
Walk On The Ocean,Bethany Joy Galeotti
Why You Wanna,Jana Kramer
Wizbot,Sea of Bees
Walk On the Ocean,Toad The Wet Sprocket
What I Love About Your Love,Jana Kramer
Sunday Mornings,Casey Hurt
Sleeper,Branches
Always,Blind Pilot
Holy Moly,Cathy Davey
Traffic Lights,Emile Millar
"Heavy Heart, Heavy Hands",Sunday Lane
Loaded Gun,Tyler Hilton
New York,Blind Pilot
Lines,Pink Moth
The Sun,The Naked and Famous
Reckless One,Sunday Lane
Real,Amy May
Real (Remastered),Amy May
Fall (feat. Megan Washington),Lanu
Box of Stones,Benjamin Francis Leftwich
Following Footsteps,Greg Holden
I Can See You Shine (feat. James Walsh),Gabe Dixon
Kicking My Heels,Tyler Hilton
Sad,Daphne Willis
We're Gonna Make It,Michael May
What I Love About Your Love,Jana Kramer
Where You Are,The Submarines
You and Me,Ben Rector
Yours and Mine,Brooke Annibale
Colors,April Smith and the Great Picture Show
If I Wanted Someone,Dawes
Airhead (There's the Moment),Right The Stars
Imposter,Jocelyn Alice
Great Move North,Faces On Film
It's Alright,Waterdeep
Unless I'm Led,Mates of State
Dancing On A Comet's Tail,Dazzler
Bubble Shaker,Tarik NuClothes
Be No Lie,The Wooden Birds
Bunz Of Steel,Extreme Music
Electrik Laserland,Extreme Music
Tamer Animals,Other Lives
"Bubble Shaker (Explicit, Single)",Tarik NuClothes
No Such Thing As Time,Elenowen
Bring You Home,Peter Bradley Adams
Clouds and a Bee,Goddamn Electric Bill
Carry Me,Justine Bennett
Lioness,Calhoun
Monday Morning,Death Cab for Cutie
St. Christopher (On My Way),Michael Logen
Trouble,One Two
Midnight Starlight,Jason Walker
Where I Can't Follow,Amy Kuney
Litost,Ambassadors
I Can See the Light,Right The Stars
Thorn Castles,Gardens & Villa
Greenleaf,Generationals
Free My Mind,Katie Herzig
Mothers,S. Carey
"No Light, No Light",Florence + the Machine
Black Eyes,Radical Face
We Are the Tide,Blind Pilot
Run,Elenowen
My Demons Are Organized,Cameron McGill & What Army
Too Little Too Late,Paul McLinden
Restless,Switchfoot
Prince of Nothing Charming,Tyler Hilton
Bunz Of Steel,Extreme Music
After Thought,Company of Thieves
Hear the Bells,Vanessa Carlton
Hourglass,Drew Holcomb & The Neighbors
Joey,The Horrible Crowes
Graveyard,Feist
Don't You Worry,The Dimes
Under Streetlights,Brooke Annibale
Sabotage,Amy Stroup
Take Your Time,Cary Brothers
(Not So) Sad and Lonely,DJ Shadow
Islands,Hey Ocean!
The Streets,Avalanche City
Lordy May,Boy & Bear
If I Had a Gun...,Noel Gallagher's High Flying Birds
Flicker,Rosi Golan
Let it Linger,Perrin Lamb
Chapel Song,We Are Augustines
Barrel of Leaves,We Are Augustines
Cold Water,Damien Rice
Sorrowing Man,City and Colour
Forgiveness,Robin Foster
Night Out,Promise and the Monster
My Only One,Boy & Bear
Only Now,JBM
Remember,Dreamboat Money
Last Thing,Matter
Flying Into Tokyo,Magnetic Man
Crooked Branches,JBM
At the Bonfire,Novosti
Housewarming,Lucius
Dark Eyes,The Hangmen
Music Box: Rock a Bye Baby,Dr. Sound FX
Forests,JBM
Leave My Body,Florence + the Machine
Rock-A-Bye-Baby,ilymusic
Chameleon/Comedian,Kathleen Edwards
Reset,Lucie Silvas
Never Let Me Go,Florence + the Machine
Stay By Your Side,Waterdeep
Vice Verses,Switchfoot
Emily's Rain,Peter Bradley Adams
The Best Thing,Doveman
Goodbye Goodbye...,Michael Logen
I Believe,Brooke Annibale
Us Against the World,Coldplay
Changes,Jack Savoretti
"The Day Is Long, The Night Is Young",Trent Dabbs
Stay By Your Side,Cathy Heller
Feeling of Being,Lucy Schwartz
Protecting God,Eastern Block
Out of the Storm,Green River Ordinance
Gimme Sunshine,Ryan Adams
Morning Light,Jonathan Jones
Empty Threat,Kathleen Edwards
Everything Is Brilliant,Rosi Golan
Free Like You Make Me,Cary Brothers
Half Moon,Blind Pilot
This Is the New Year,Ian Axel
Blue Sky,Bethany Joy Lenz
Belief (Stripped Version),Gavin DeGraw
Feel Better,Jay Buchanan
Gun Is Loaded,Amie Miriello
I Believe Jesus Brought Us Together,The Horrible Crowes
I Don't Want to Be,Gavin DeGraw
Loaded Gun,Tyler Hilton
Soldier,Gavin DeGraw
Sugar,The Horrible Crowes
Counting Stars,Augustana
More Than Anyone,Gavin DeGraw
I Don't Want to Be,Gavin DeGraw
Kindly Unspoken,Kate Voegele
Free Like You Make Me,Cary Brothers
Sweeter Things,Bethani Joy
Sick Of Dreaming,Alexander Cardinale
One Tree Hill,U2